State,Constituency,Candidate,Party,Votes
Maharashtra,Mumbai North,GOPAL CHINAYYA SHETTY,Bharatiya Janata Party,664004
Maharashtra,Mumbai North,SANJAY BRIJKISHORLAL NIRUPAM,Indian National Congress,217422
Maharashtra,Mumbai North,SATISH PARASMAL JAIN,Aam Aadmi Party,32364
Maharashtra,Mumbai North,YADAV KAMLESH SHOBHNATH,Samajwadi Party,5506
Maharashtra,Mumbai North,SINGH ASHOK CHANDRAPAL,Bahujan Samaj Party,5438
Maharashtra,Mumbai North,KAPIL KANTILAL SONI,Independent,2078
Maharashtra,Mumbai North,ARJUN BALU ARDE,Ambedkarite Party of India,1650
Maharashtra,Mumbai North,PRASHANT NARSINH KHARATMAL,Independent,1612
Maharashtra,Mumbai North,GONDANE DIVAKAR LAXMAN,Bharipa Bahujan Mahasangh,1539
Maharashtra,Mumbai North,NITIN RAVINDRA RAJVARDHAN,Bahujan Mukti Party,796
Maharashtra,Mumbai North,SHAIKH FATEH MOHAMMAD,Independent,768
Maharashtra,Mumbai North,SAKHARAM PANDURANG DUNGHAV,Maharashtra Parivartan Sena (T),699
Maharashtra,Mumbai North,THORAT SUNIL UTTAMRAO,All India Forward Bloc,653
Maharashtra,Mumbai North,HAJI AKHTAR PAPERWALA,Independent,626
Maharashtra,Mumbai North,ARJUN CHAUDHARY,Independent,556
Maharashtra,Mumbai North,MOHAMMAD AKHTAR MEHBOOB SHAIKH,Prabuddha Republican Party,462
Maharashtra,Mumbai North,DINESH SHAH,Sardar Vallabhbhai Patel Party,394
Maharashtra,Mumbai North,PRABHAKARAN G. TITUS,People's Party of India(secular),331
Maharashtra,Mumbai North,SATYAVIJAY VITHOBA CHAVAN,Independent,327
Maharashtra,Mumbai North,MILIND SHANKAR REPE,Independent,301
Maharashtra,Mumbai North,SUBODH G. RANJAN,Independent,278
Maharashtra,Mumbai North,None of the Above,None of the Above,8758
Maharashtra,Mumbai North West,GAJANAN CHANDRAKANT KIRTIKAR,Shivsena,464820
Maharashtra,Mumbai North West,KAMAT GURUDAS VASANT,Indian National Congress,281792
Maharashtra,Mumbai North West,MAHESH WAMAN MANJREKAR,Maharashtra Navnirman sena,66088
Maharashtra,Mumbai North West,MAYANK RAMESH GANDHI,Aam Aadmi Party,51860
Maharashtra,Mumbai North West,BHOLE PUSHPA MILIND,Bahujan Samaj Party,10275
Maharashtra,Mumbai North West,RAKHI SAWANT,Rashtriya Aam Party,2006
Maharashtra,Mumbai North West,RINA MAHENDRAKUMAR ZAVERI,Independent,1530
Maharashtra,Mumbai North West,SONKAMBLE GAJANAN TUKARAM,Independent,1366
Maharashtra,Mumbai North West,MANGESH MADHUKAR HUMNE,Bahujan Mukti Party,1082
Maharashtra,Mumbai North West,NITIN H. KHARE,Independent,1078
Maharashtra,Mumbai North West,PRAVIN CHANDRAKANT KAURPURIYA,Hindustan Swaraj Congress Party,888
Maharashtra,Mumbai North West,MOHAN GALVANKAR,The Lok Party of India,694
Maharashtra,Mumbai North West,PRATIK PRABHAKAR TORASKAR,Independent,515
Maharashtra,Mumbai North West,VIJAYANAND SHANKARRAO SHINDE,Hindusthan Nirman Dal,514
Maharashtra,Mumbai North West,None of the Above,None of the Above,11009
Maharashtra,Nashik,GODSE HEMANT TUKARAM,Shivsena,494735
Maharashtra,Nashik,CHHAGAN BHUJBAL,Nationalist Congress Party,307399
Maharashtra,Nashik,DR. PRADEEP PAWAR,Maharashtra Navnirman sena,63050
Maharashtra,Nashik,DINKAR DHARMA PATIL,Bahujan Samaj Party,20896
Maharashtra,Nashik,ADV. TANAJI SUKDEO JAIBHAVE,Communist Party of India (Marxist),17154
Maharashtra,Nashik,VIJAY BALIRAM PANDHARE,Aam Aadmi Party,9672
Maharashtra,Nashik,FASALE BABAN NAMDEO,Independent,3792
Maharashtra,Nashik,SARKATE DEVIDAS PIRAJI,Independent,3425
Maharashtra,Nashik,VISHNU RAMDAS JADHAV,Independent,1666
Maharashtra,Nashik,PRAMOD GYANIRAM NATHEKAR,Independent,1580
Maharashtra,Nashik,MAKSUD ILIYAS KHAN,Independent,1253
Maharashtra,Nashik,AVHAD MAHESH ZUNJAR,All India Forward Bloc,1204
Maharashtra,Nashik,PRAKASH GIRDHAR KANOJE,Independent,1121
Maharashtra,Nashik,PATHAN SAKHAWATKHA YASINKHA,Bahujan Mukti Party,845
Maharashtra,Nashik,PATHAN AYUB MADDEKHAN,Indian Union Muslim League,697
Maharashtra,Nashik,None of the Above,None of the Above,8916
Maharashtra,Mumbai South,ARVIND SAWANT,Shivsena,374780
Maharashtra,Mumbai South,DEORA MILIND MURLI,Indian National Congress,246632
Maharashtra,Mumbai South,BALA NANDGAONKAR,Maharashtra Navnirman sena,84864
Maharashtra,Mumbai South,MEERA SANYAL,Aam Aadmi Party,40388
Maharashtra,Mumbai South,PRAKASH REDDY,Communist Party of India,6903
Maharashtra,Mumbai South,ABDUS SALAM KHAN QASMI,Bahujan Samaj Party,6677
Maharashtra,Mumbai South,RATAN DEVRAM BODKE,Independent,1325
Maharashtra,Mumbai South,SACHIN PAWAR,Bahujan Mukti Party,1266
Maharashtra,Mumbai South,FARNANDES SANTAN,Independent,1078
Maharashtra,Mumbai South,RAJENDRA DAULAT DESAI,Independent,1059
Maharashtra,Mumbai South,SHAHZAD SHAMSHER KHAN PATHAN,Awami Vikas Party,920
Maharashtra,Mumbai South,BASIT FAITH,Independent,765
Maharashtra,Mumbai South,JAHEDA MOHAMMED HANIF SHAIKH,Independent,703
Maharashtra,Mumbai South,BAIG MIRZA KALIM,The Lok Party of India,677
Maharashtra,Mumbai South,DR. OMRAJ L. RATHOD,Independent,675
Maharashtra,Mumbai South,KATARIA JITENDRA KAMABHAI,Independent,595
Maharashtra,Mumbai South,GAURAV SHARMA,Independent,561
Maharashtra,Mumbai South,SHANKAR SONAWANE,Independent,459
Maharashtra,Mumbai South,SHEHBAJ RATHOD,Jai Maha Bharath Party,415
Maharashtra,Mumbai South,ABDUL LATIF ABDUL KADAR SHAIKH,Independent,400
Maharashtra,Mumbai South,None of the Above,None of the Above,9573
Maharashtra,Raigad,ANANT GEETE,Shivsena,396178
Maharashtra,Raigad,TATKARE SUNIL DATTATREY,Nationalist Congress Party,394068
Maharashtra,Raigad,RAMESHBHAI KADAM,Peasants And Workers Party of India,129730
Maharashtra,Raigad,YASHWANT JAYRAM GAIKWAD,Bahujan Samaj Party,10510
Maharashtra,Raigad,MUZZAFAR JAINUDDIN CHAUDHARI ALIAS MODI,Independent,9952
Maharashtra,Raigad,SUNIL TATKARE,Independent,9849
Maharashtra,Raigad,DR. APARANTI SANJAY YASHWANT,Aam Aadmi Party,6759
Maharashtra,Raigad,SANDEEP PANDURANG PARTE,Hindustan Janta Party,4287
Maharashtra,Raigad,DR. GHONE ADESH YASHAWANT,Bahujan Mukti Party,3308
Maharashtra,Raigad,AZIZ ABDUL KADIR MUKADAM,Samajwadi Party,2763
Maharashtra,Raigad,None of the Above,None of the Above,20362
Maharashtra,Akola,DHOTRE SANJAY SHAMRAO,Bharatiya Janata Party,456472
Maharashtra,Akola,PATEL HIDAYAT ULLA BARKAT ULLA,Indian National Congress,253356
Maharashtra,Akola,AMBEDKAR PRAKASH YASHWANT,Bharipa Bahujan Mahasangh,238776
Maharashtra,Akola,AJAY PANJABRAO HINGANKAR,Aam Aadmi Party,8076
Maharashtra,Akola,BHAI B.C. KAMBLE,Bahujan Samaj Party,7858
Maharashtra,Akola,SHAIKH HAMEED IMAM,Bahujan Mukti Party,3991
Maharashtra,Akola,SANDIP KISANRAO WANKHEDE,Independent,3756
Maharashtra,Akola,None of the Above,None of the Above,6206
Maharashtra,Hatkanangle,RAJU SHETTY,Swabhimani Paksha,640428
Maharashtra,Hatkanangle,AWADE KALLAPPA BABURAO,Indian National Congress,462618
Maharashtra,Hatkanangle,SURESHDADA PATIL,Independent,25648
Maharashtra,Hatkanangle,KAMBLE CHANDRAKANT TUKARAM,Bahujan Samaj Party,11499
Maharashtra,Hatkanangle,RAGHUNATHDADA PATIL,Aam Aadmi Party,9015
Maharashtra,Hatkanangle,YUVRAJ SHIVAJI KAMBLE,Independent,6585
Maharashtra,Hatkanangle,DIGAMBAR ALIAS GABBAR SUDAM SAKAT,Bharipa Bahujan Mahasangh,5186
Maharashtra,Hatkanangle,SHAIKH SHABBIR NABI,Maharashtra Parivartan Sena (T),4176
Maharashtra,Hatkanangle,PATIL S R TATYA,Independent,3318
Maharashtra,Hatkanangle,SUSHANT SANTOSH DIGE,Independent,2999
Maharashtra,Hatkanangle,THORAT ANANDRAO TUKARAM,Independent,2637
Maharashtra,Hatkanangle,MANE ARVIND BHIVA,Independent,2361
Maharashtra,Hatkanangle,KAMBLE SUKUMAR DATTU,Independent,2342
Maharashtra,Hatkanangle,None of the Above,None of the Above,10059
Maharashtra,Wardha,RAMDAS CHANDRABHANJI TADAS,Bharatiya Janata Party,537518
Maharashtra,Wardha,MEGHE SAGAR DATTATRAYA,Indian National Congress,321735
Maharashtra,Wardha,CHETAN BHIMRAJ PENDAM,Bahujan Samaj Party,90866
Maharashtra,Wardha,MOHD. ALIM PATEL MOHD. WAHID,Aam Aadmi Party,15738
Maharashtra,Wardha,UBALE SHRIKRUSHNA CHAMPATRAO,Ambedkarist Republican Party,6405
Maharashtra,Wardha,MANISH VINAYAKRAO TELRANDHE,Independent,5127
Maharashtra,Wardha,SHAMBHARKAR RAJENDRA GULABRAO,Independent,4436
Maharashtra,Wardha,RAVI ALIAS SHAILESH GANESHRAO YELNE,Independent,3881
Maharashtra,Wardha,SHAMBABA ALIAS SHAMSUNDAR PANJABRAO NICHIT,Independent,3440
Maharashtra,Wardha,BHASKAR MAROTRAO NEWARE,Independent,3156
Maharashtra,Wardha,RAUT JAGANATH NILKANTH,Independent,2638
Maharashtra,Wardha,NARENDRA CHINDUJI MESHRAM,Gondvana Gantantra Party,2627
Maharashtra,Wardha,KISHOR RAMBHAU KINKAR,Bahujan Mukti Party,2518
Maharashtra,Wardha,TADAS VILAS KRUSHNAJI,Independent,2124
Maharashtra,Wardha,DR. ANKUSH VIJAYRAO NAWALE,Samajwadi Party,1858
Maharashtra,Wardha,DESHMUKH JAIDEEP RAJENDRA,Independent,1431
Maharashtra,Wardha,SACHIN PANDURANGJI RAUT ALIAS GURUBHAU,Independent,1245
Maharashtra,Wardha,DEEPAKSINGH TRYAMBAKRAO DESHMUKH,Independent,1122
Maharashtra,Wardha,JAGDISH BHAGWAN KADU,Independent,853
Maharashtra,Wardha,SANJAYBHAU NARAYANRAO CHIDAM,Independent,770
Maharashtra,Wardha,ARVIND SHAMRAO LILLORE,Independent,614
Maharashtra,Wardha,None of the Above,None of the Above,3343
Maharashtra,Gadchiroli Chimur,ASHOK MAHADEORAO NETE,Bharatiya Janata Party,535982
Maharashtra,Gadchiroli Chimur,DR. NAMDEO DALLUJI USENDI,Indian National Congress,299112
Maharashtra,Gadchiroli Chimur,RAMRAO GOVINDA NANNAWARE,Bahujan Samaj Party,66906
Maharashtra,Gadchiroli Chimur,DR. GAJBE RAMESHKUMAR BABURAOJI,Aam Aadmi Party,45458
Maharashtra,Gadchiroli Chimur,NAMDEO ANANDRAO KANNAKE,Communist Party of India,22512
Maharashtra,Gadchiroli Chimur,SATISH GOKULDAS PENDAM,All India Trinamool Congress,8156
Maharashtra,Gadchiroli Chimur,DEORAO MONBA NANNAWARE,Ambedkarite Party of India,6606
Maharashtra,Gadchiroli Chimur,DANDEKAR BABURAO LAXMAN,Independent,6470
Maharashtra,Gadchiroli Chimur,VINOD ANKUSH NANNAWARE,Samajwadi Party,4287
Maharashtra,Gadchiroli Chimur,DIWAKAR PENDAM (EX. SERVICEMAN),Bahujan Mukti Party,3730
Maharashtra,Gadchiroli Chimur,ADV. PRABHAKAR MAHAGUJI DADMAL,Republican Party of India,3422
Maharashtra,Gadchiroli Chimur,None of the Above,None of the Above,24488
Maharashtra,Dindori,CHAVAN HARISHCHANDRA DEORAM,Bharatiya Janata Party,542784
Maharashtra,Dindori,DR. BHARATI PRAVIN PAWAR,Nationalist Congress Party,295165
Maharashtra,Dindori,COM. HEMANT MOTIRAM WAGHERE,Communist Party of India (Marxist),72599
Maharashtra,Dindori,MALI SHARAD SAHEBRAO,Bahujan Samaj Party,17724
Maharashtra,Dindori,GAIKWAD ABHIJEET KALYANRAO,Independent,10267
Maharashtra,Dindori,PRABHAT CHINDHU SONAWANE,Bharipa Bahujan Mahasangh,5578
Maharashtra,Dindori,AJITDADA BHIKA PAWAR,Independent,5177
Maharashtra,Dindori,PROF. DNYANESHWAR DAMU MALI,Aam Aadmi Party,4067
Maharashtra,Dindori,KAILAS SAKHARAM MORE,Independent,3900
Maharashtra,Dindori,BHARAT KISAN MATE,Bahujan Mukti Party,2024
Maharashtra,Dindori,None of the Above,None of the Above,10897
Maharashtra,Parbhani,JADHAV SANJAY (BANDU) HARIBHAU,Shivsena,578455
Maharashtra,Parbhani,BHAMBALE VIJAY MANIKRAO,Nationalist Congress Party,451300
Maharashtra,Parbhani,GULMIR KHAN,Bahujan Samaj Party,33716
Maharashtra,Parbhani,COMRADE RAJAN KSHIRSAGAR,Communist Party of India,12404
Maharashtra,Parbhani,NISAR SUBHAN KHAN PATHAN,Independent,12341
Maharashtra,Parbhani,MD. ILIYAS MD. AMIR MANIYAR,Bharipa Bahujan Mahasangh,8006
Maharashtra,Parbhani,COMRED BHISE GANPAT DEVRAO,Independent,7251
Maharashtra,Parbhani,UDHAV RANGRAO PAWAR (PATIL),Independent,6154
Maharashtra,Parbhani,BABAN (ANNA) MULEY,Bahujan Mukti Party,5836
Maharashtra,Parbhani,ADV. AJAY SITARAM KARANDE PATIL,Samajwadi Party,5507
Maharashtra,Parbhani,KAJALE PRADIP MAHADEV,Independent,4781
Maharashtra,Parbhani,SALMA SHRINIWAS KULKARNI,Aam Aadmi Party,4449
Maharashtra,Parbhani,PRAMOD MAROTI PANDITKAR,Independent,4103
Maharashtra,Parbhani,RAMRAO DHANSING RATHOD SIR NIRANKARI,Independent,3120
Maharashtra,Parbhani,SK. SALEEM,Majlis Bachao Tahreek,2947
Maharashtra,Parbhani,SAYED ABDUL RAHIM,Welfare Party Of India,2492
Maharashtra,Parbhani,ASHOK BABARAO (AMBHORE) DUDHGAONKAR,Ambedkar National Congress,1869
Maharashtra,Parbhani,None of the Above,None of the Above,17502
Maharashtra,Solapur,SHARAD BANSODE,Bharatiya Janata Party,517879
Maharashtra,Solapur,SHINDE SUSHILKUMAR SAMBHAJIRAO,Indian National Congress,368205
Maharashtra,Solapur,ADV. SANJEEV SIDRAM SADAFULE,Bahujan Samaj Party,19041
Maharashtra,Solapur,LALIT BABAR,Aam Aadmi Party,9261
Maharashtra,Solapur,SONAWANE SHIVAJI CHANDRAKANT,Independent,5487
Maharashtra,Solapur,SUNITA VIJAYKUMAR UGHADE,Independent,2706
Maharashtra,Solapur,SONKAMBLE GAUTAM VIJAYKUMAR,Bharipa Bahujan Mahasangh,2458
Maharashtra,Solapur,SIDRAM KRISHNA DHOBALE,Independent,1683
Maharashtra,Solapur,KEWALE CHAYA NAGNATH,Independent,1654
Maharashtra,Solapur,BHISE KRISHNA NAGNATH,Independent,1504
Maharashtra,Solapur,RAJENDRA DNYANDEO RANDIVE,Independent,1460
Maharashtra,Solapur,WAGHMARE PUNDALIK ONKARI,Bahujan Mukti Party,1399
Maharashtra,Solapur,VIKRAM UTTAM KASABE,Independent,1333
Maharashtra,Solapur,SHINDE RAJKUMAR LAXMANRAO,Independent,1286
Maharashtra,Solapur,PAWAR YUVRAJ SIDRAM,Independent,1243
Maharashtra,Solapur,DATTATRAYA VITTHAL THORAT,Independent,824
Maharashtra,Solapur,None of the Above,None of the Above,13778
Maharashtra,Bhiwandi,KAPIL MORESHWAR PATIL,Bharatiya Janata Party,411070
Maharashtra,Bhiwandi,PATIL VISHWANATH RAMCHANDRA,Indian National Congress,301620
Maharashtra,Bhiwandi,SURESH (BALYA MAMA) GOPINATH MHATRE,Maharashtra Navnirman sena,93647
Maharashtra,Bhiwandi,ANSARI MUMTAZ ABDUL SATAR,Bahujan Samaj Party,14068
Maharashtra,Bhiwandi,MADHUKAR VITTHAL PATIL,Communist Party of India,13720
Maharashtra,Bhiwandi,ANSARI JALAL ENGINEER,Aam Aadmi Party,11055
Maharashtra,Bhiwandi,SURESH KALURAM JADHAV,Independent,5941
Maharashtra,Bhiwandi,HARISHCHANDRA DATTU PATIL,Independent,4058
Maharashtra,Bhiwandi,YOGESH MOTIRAM KATHORE,Bharipa Bahujan Mahasangh,3058
Maharashtra,Bhiwandi,ENGINEER NAVID BETAB,Independent,2435
Maharashtra,Bhiwandi,ANSARI JAHID MUKHTAR,Bahujan Mukti Party,2126
Maharashtra,Bhiwandi,SHAH ABRAR AHMED NAZEER,Peace Party,2120
Maharashtra,Bhiwandi,ADV. DR. ANITA BALASAHEB KOLEKAR,Prabuddha Republican Party,1376
Maharashtra,Bhiwandi,None of the Above,None of the Above,9311
Maharashtra,Baramati,SUPRIYA SULE,Nationalist Congress Party,521562
Maharashtra,Baramati,MAHADEV JAGANNATH JANKAR,Rashtriya Samaj Paksha,451843
Maharashtra,Baramati,SURESH KHOPADE,Aam Aadmi Party,26396
Maharashtra,Baramati,CHAUDHARI KALURAM VINAYAK,Bahujan Samaj Party,24908
Maharashtra,Baramati,TATYASAHEB SITARAM TELE,Janata Dal (Secular),8811
Maharashtra,Baramati,RAVINDRA TAKALE,Bahujan Mukti Party,7845
Maharashtra,Baramati,KOKARE SHIVAJI JAYSING,Independent,4739
Maharashtra,Baramati,SURESHDADA BABURAO VEER,Independent,3345
Maharashtra,Baramati,MAHADIK PRALHAD DAGADU,Independent,2891
Maharashtra,Baramati,None of the Above,None of the Above,14216
Maharashtra,Pune,ANIL SHIROLE,Bharatiya Janata Party,569825
Maharashtra,Pune,DR.VISHWAJEET PATANGRAO KADAM,Indian National Congress,254056
Maharashtra,Pune,DEEPAK NATHARAM PAIGUDE,Maharashtra Navnirman sena,93502
Maharashtra,Pune,WARE SUBHASH SHANKARRAO,Aam Aadmi Party,28657
Maharashtra,Pune,IMTIYAZ PEERZADE,Bahujan Samaj Party,14727
Maharashtra,Pune,ARUN BHATIA,Peoples Guardian,7222
Maharashtra,Pune,DAMBALE RAHUL DHARMA,Independent,2259
Maharashtra,Pune,COLONEL JAYANTRAO CHITALE,Independent,1884
Maharashtra,Pune,NANA KSHIRSAGAR,Bharipa Bahujan Mahasangh,1797
Maharashtra,Pune,COL SURESH PATIL (RTD),Bahujan Mukti Party,1324
Maharashtra,Pune,DEVKULE BIBHISHAN JAGANNATH,Independent,1230
Maharashtra,Pune,SAIYYAD AFSER IBRAHIM,Samajwadi Party,1131
Maharashtra,Pune,MANCHAK TRIMBAKRAO KARALE,Independent,1028
Maharashtra,Pune,SHIVAJI PANDURANG ADHAV,Independent,868
Maharashtra,Pune,NILESH DHANAVE,Independent,840
Maharashtra,Pune,DINESH PANDURANG PAWAR,Independent,692
Maharashtra,Pune,SUSHAMA PANDURANG GAIKWAD,Independent,590
Maharashtra,Pune,ASHAPAK SHAIKH,Independent,585
Maharashtra,Pune,SANTOSH PAWAR,Independent,565
Maharashtra,Pune,BANSODE CHAYYA TUKARAM,Independent,512
Maharashtra,Pune,UMESH BHUJANG MASANKHAMB,Independent,494
Maharashtra,Pune,SANJAY LAXMAN PADWAL,Bhartiya Navjawan Sena (Paksha),477
Maharashtra,Pune,YADAV GANGADHAR NATHU,Independent,455
Maharashtra,Pune,KHIRID SIMKUMAR BHAGWAN,Independent,380
Maharashtra,Pune,RUPALI TAMBOLI,Independent,378
Maharashtra,Pune,SHASHIKANT BHIKAJI OWHAL,Independent,359
Maharashtra,Pune,AZAM VAKIL MANIYAR,Independent,353
Maharashtra,Pune,AJAY VASANT PAITHANKAR,Independent,343
Maharashtra,Pune,VIJAY LAXMAN SARODE,Independent,303
Maharashtra,Pune,None of the Above,None of the Above,6438
Maharashtra,Ramtek,KRUPAL BALAJI TUMANE,Shivsena,519892
Maharashtra,Ramtek,MUKUL WASNIK,Indian National Congress,344101
Maharashtra,Ramtek,KIRAN PREM KUMAR RODGE (PATANKAR),Bahujan Samaj Party,95051
Maharashtra,Ramtek,PRATAP GOSWAMI,Aam Aadmi Party,25889
Maharashtra,Ramtek,GOUTAM SHRIRAM WASNIK,Independent,6353
Maharashtra,Ramtek,TUMANE GOPAL AJABRAO,Independent,6304
Maharashtra,Ramtek,GANESH BAPURAO PATIL,Gondvana Gantantra Party,6222
Maharashtra,Ramtek,PROF. DR. NATTHU MADHAO LOKHANDE,Independent,4756
Maharashtra,Ramtek,DONGRE ASHOK NAMAJI,Independent,3999
Maharashtra,Ramtek,DHIMATI VIDYA KISHOR BHIMTE,Ambedkarite Party of India,3634
Maharashtra,Ramtek,GURUDAS UDDHAV BAWANE,Independent,3419
Maharashtra,Ramtek,KHOBRAGADE CHANDRABHAN JAIRAM,Independent,2925
Maharashtra,Ramtek,NARESH MAHADEO PATIL,Bahujan Mukti Party,2841
Maharashtra,Ramtek,CHAWARE MAYA NAMDEO,Samajwadi Party,2682
Maharashtra,Ramtek,DR. SANDEEP NATTHUJI NANDESHWAR,Bharipa Bahujan Mahasangh,2640
Maharashtra,Ramtek,NILESH MAHADEO DHOKE,Independent,2537
Maharashtra,Ramtek,SANDESH BHIVRAM BHALEKAR,All India Forward Bloc,2424
Maharashtra,Ramtek,DR. SUNILBHAU VISHWANATHJI NARNAVRE,Republican Party of India (Khobragade),2310
Maharashtra,Ramtek,LOKHANDE GANESH HAIBATRAO,Independent,1735
Maharashtra,Ramtek,COM. BANDU RAMCHANDRA MESHRAM,Communist Party of India (Marxist-Leninist) Red Star,1602
Maharashtra,Ramtek,RAHULKANT ALIAS RAMESH SINHA,Independent,1542
Maharashtra,Ramtek,PANKAJ SEWAKRAM MASURKAR,Hindustan Janta Party,1453
Maharashtra,Ramtek,RAHUL SHESHRAOJI MESHRAM,Independent,1189
Maharashtra,Ramtek,None of the Above,None of the Above,4816
Maharashtra,Madha,MOHITE PATIL VIJAYSINH SHANKARRAO,Nationalist Congress Party,489989
Maharashtra,Madha,SADABHAU RAMCHANDRA KHOT,Swabhimani Paksha,464645
Maharashtra,Madha,MOHITE-PATIL PRATAPSINH SHANKARRAO,Independent,25187
Maharashtra,Madha,BANSODE KUNDAN FULCHAND,Bahujan Samaj Party,15790
Maharashtra,Madha,NAVANATH BHIMRAO PATIL,Hindusthan Praja Paksha,8853
Maharashtra,Madha,NAGAMANI KISAN JAKKAN,Independent,8829
Maharashtra,Madha,ADV. SAVITA BALKRISHNA SHINDE,Aam Aadmi Party,7160
Maharashtra,Madha,JADHAV SUNIL GUNDA,Independent,7115
Maharashtra,Madha,ROHIT RAMRUSHNA MORE,Independent,6886
Maharashtra,Madha,BHAJANLAL YASHVANT NIMGAONKAR,Independent,4625
Maharashtra,Madha,BALIRAM SUKHDEV MORE,Independent,4139
Maharashtra,Madha,SATHI BASHIR AHMED BASHAMIYAN SHAIKH,Independent,3367
Maharashtra,Madha,ADV.SUBHASH BALASAHEB PATIL (ANNA),Bahujan Mukti Party,3293
Maharashtra,Madha,DR.BHISE INDRAKUMAR DEVRAO,Independent,3094
Maharashtra,Madha,POL SUDHIR ARJUN,Independent,2814
Maharashtra,Madha,SUNITA MOHAN TUPSOUNDRYA,Independent,2522
Maharashtra,Madha,SHAIKH SHAHAJAN PAIGAMBAR,Independent,2336
Maharashtra,Madha,PRAFULL SHIVRAO KADAM,Independent,2301
Maharashtra,Madha,DEVKATE SOMANATH ALIAS SOMESHWAR CHANDRAKANT,Independent,2275
Maharashtra,Madha,JAGTAP NITIN MARUTI,Independent,2189
Maharashtra,Madha,DAGADU MANIK PAWAR,Independent,2117
Maharashtra,Madha,SURESH SHAMRAO GHADGE,All India Trinamool Congress,1989
Maharashtra,Madha,WALKE VIKRAM VASUDEO,Independent,1969
Maharashtra,Madha,DR.PRAMOD RAMCHANDRA GAWADE,Independent,1926
Maharashtra,Madha,None of the Above,None of the Above,4209
Maharashtra,Palghar,ADV. CHINTAMAN NAVASHA WANGA,Bharatiya Janata Party,533201
Maharashtra,Palghar,BALIRAM SUKUR JADHAV,Bahujan Vikas Aaghadi,293681
Maharashtra,Palghar,KHARAPADE LADAKYA RUPA,Communist Party of India (Marxist),76890
Maharashtra,Palghar,PANDURANG JETHYA PARDHI,Aam Aadmi Party,16182
Maharashtra,Palghar,HARIBHAU SOMA VARTHA,Independent,12974
Maharashtra,Palghar,DILIP ATMARAM DUMADA,Bahujan Mukti Party,10742
Maharashtra,Palghar,GAVARI SHYAM ANANT,Bahujan Samaj Party,8176
Maharashtra,Palghar,SACHIN DAMODAR SHINGDA,Independent,7957
Maharashtra,Palghar,MOHAN BARKU GUHE,Bharipa Bahujan Mahasangh,6691
Maharashtra,Palghar,KASHINATH LAXMAN KOKERA,Independent,4327
Maharashtra,Palghar,None of the Above,None of the Above,21797
Maharashtra,Mumbai North East,KIRIT SOMAIYA,Bharatiya Janata Party,525285
Maharashtra,Mumbai North East,SANJAY DINA PATIL,Nationalist Congress Party,208163
Maharashtra,Mumbai North East,MEDHA PATKAR,Aam Aadmi Party,76451
Maharashtra,Mumbai North East,MATCHINDRA HANUMANTRAO CHATE,Bahujan Samaj Party,17427
Maharashtra,Mumbai North East,PROF. AVINASH DOLAS,Bharipa Bahujan Mahasangh,8833
Maharashtra,Mumbai North East,BANSODE DILIP BAPU,Independent,2784
Maharashtra,Mumbai North East,SANJAY SAOJI DESHPANDE,Independent,2752
Maharashtra,Mumbai North East,FIROZ AHMED SIDDIQUI,Independent,2243
Maharashtra,Mumbai North East,TUKARAM BABURAO MANE,Bahujan Mukti Party,1838
Maharashtra,Mumbai North East,DEEPAK DIGAMBAR SHINDE,Independent,1359
Maharashtra,Mumbai North East,PRAKASH SADASHIV PANCHARAS,Maharashtra Parivartan Sena (T),1325
Maharashtra,Mumbai North East,PRASHANT DNYANESHWAR GANGAWANE,Prabuddha Republican Party,1308
Maharashtra,Mumbai North East,SAYED GULAMHUSAIN AMIRHAMZA,Republican Party of India,1012
Maharashtra,Mumbai North East,KHAN SHAMIM BANU,Independent,902
Maharashtra,Mumbai North East,TUPSOUNDARYA SUNITA MOHAN,Independent,881
Maharashtra,Mumbai North East,SABIR MEHANDI HASAN,Independent,626
Maharashtra,Mumbai North East,HAYAT ABDULLAH SHAIKH,Indian Union Muslim League,621
Maharashtra,Mumbai North East,ADV. AMARSEN BABURAO BABAR,Independent,468
Maharashtra,Mumbai North East,ANANDA SAKHARAM BHALERAO,Independent,369
Maharashtra,Mumbai North East,None of the Above,None of the Above,7114
Maharashtra,Satara,SHRIMANT CHH. UDAYANRAJE PRATAPSINHA BHONSALE,Nationalist Congress Party,522531
Maharashtra,Satara,PURUSHOTTAM JADHAV,Independent,155937
Maharashtra,Satara,RAJENDRA MADHUKAR CHORAGE,Aam Aadmi Party,82489
Maharashtra,Satara,ASHOK WAMAN GAIKWAD,Republican Party of India (A),71808
Maharashtra,Satara,SANDIP AMRUTRAO MOZAR,Independent,18215
Maharashtra,Satara,SUBHASH NIVRUTTI SHILEWANT,Independent,15073
Maharashtra,Satara,PRASHANT VASANT CHAVAN,Bahujan Samaj Party,14523
Maharashtra,Satara,ALTAF ABDULGANI SHIKALGAR,Bahujan Mukti Party,13760
Maharashtra,Satara,CHANDRAKANT TATU KHANDAIT,Bharipa Bahujan Mahasangh,12270
Maharashtra,Satara,SUHAS VISHWASRAO DESHMUKH,Independent,12122
Maharashtra,Satara,PANDURANG RAMCHANDRA SHINDE,Independent,11304
Maharashtra,Satara,KADAM SAGAR UTTAMRAO,Independent,10047
Maharashtra,Satara,ADV. VARSHA MADGULKAR,Independent,9405
Maharashtra,Satara,UMESH MUKUND WAGHMARE,Independent,4711
Maharashtra,Satara,DR. VIJAYSINHA DILIPRAO PATIL,Independent,3654
Maharashtra,Satara,BICHUKALE ABHIJIT VAMANRAO,Independent,3644
Maharashtra,Satara,GAWDE SUKHDEV BHANUDAS,Independent,2435
Maharashtra,Satara,DR. PRAKASH SHAMRAO PAWAR,Independent,2164
Maharashtra,Satara,None of the Above,None of the Above,10589
Maharashtra,Ratnagiri Sindhudurg,VINAYAK BHAURAO RAUT,Shivsena,493088
Maharashtra,Ratnagiri Sindhudurg,NILESH NARAYAN RANE,Indian National Congress,343037
Maharashtra,Ratnagiri Sindhudurg,AYARE RAJENDRA LAHU,Bahujan Samaj Party,13088
Maharashtra,Ratnagiri Sindhudurg,ABHIJIT SHRIRAM HEGSHETYE,Aam Aadmi Party,12700
Maharashtra,Ratnagiri Sindhudurg,SUNIL ALIAS YASHWANT VASANT PEDNEKAR,Independent,7328
Maharashtra,Ratnagiri Sindhudurg,ARUN HARISHCHANDRA MANJREKAR,Independent,5999
Maharashtra,Ratnagiri Sindhudurg,ADV. DIPAK DATTARAM NEVGI,Socialist Party (India),2904
Maharashtra,Ratnagiri Sindhudurg,AJINKYA DHONDU GAWADE,Independent,2332
Maharashtra,Ratnagiri Sindhudurg,BIRJE YASHWANT ANANT,Bahujan Mukti Party,1992
Maharashtra,Ratnagiri Sindhudurg,VINOD HANUMANTRAO SAWANT,Akhil Bharat Hindu Mahasabha,1395
Maharashtra,Ratnagiri Sindhudurg,None of the Above,None of the Above,12393
Maharashtra,Thane,VICHARE RAJAN BABURAO,Shivsena,595364
Maharashtra,Thane,SANJEEV GANESH NAIK,Nationalist Congress Party,314065
Maharashtra,Thane,ABHIJIT RAMESH PANSE,Maharashtra Navnirman sena,48863
Maharashtra,Thane,SANJEEV VISHNU SANE,Aam Aadmi Party,41535
Maharashtra,Thane,KIRTAWADE VIDHYADHAR BHIMRAO,Bahujan Samaj Party,10982
Maharashtra,Thane,ASHOK SHANKAR JADHAV,Bahujan Mukti Party,4022
Maharashtra,Thane,SOHANLAL PUROHIT,Independent,2479
Maharashtra,Thane,GOPINATH SAKHARAM MHASKE,Bharipa Bahujan Mahasangh,2412
Maharashtra,Thane,NITIN SHANKAR DESHPANDE,Dharmarajya Paksha,2175
Maharashtra,Thane,NARENDRA PRABHASHANKAR PANDEY,Independent,2141
Maharashtra,Thane,ABHAY SUBRAO KULKARNI,Independent,1891
Maharashtra,Thane,SHAFIK AHAMAD SADAT KHAN,Independent,1865
Maharashtra,Thane,RAJU SHRAVAN CHAVAN,Republican Bahujan Sena,1681
Maharashtra,Thane,NAJAKATALI KABIR ANSARI,Independent,1549
Maharashtra,Thane,SALMAN AJIMULLAH HASMI,Rashtriya Aam Party,1402
Maharashtra,Thane,QAMRUZZAMAN KUTUBALI MINAI,Peace Party,1196
Maharashtra,Thane,TRILOKI GHURAHU YADAV,Independent,1066
Maharashtra,Thane,SANJAY DILIP KUMAR DAS,Independent,918
Maharashtra,Thane,RAJENDRA GAJBHIYE,Ambedkarite Party of India,905
Maharashtra,Thane,SHRINATH MITHANTHAYA,Hindustan Janta Party,891
Maharashtra,Thane,VISHAL DINKAR SALVE,Independent,705
Maharashtra,Thane,VINOD DEEPCHAND GANGWAL,Independent,650
Maharashtra,Thane,JAIN SURENDRAKUMAR K.,Akhil Bharatiya Jan Sangh,641
Maharashtra,Thane,RATHOD BABUSINGH VASRAM,Maharashtra Parivartan Sena (T),636
Maharashtra,Thane,RAMCHANDRA BHAGOJI GAWADE,Independent,493
Maharashtra,Thane,BHANUDAS DHOTARE,Independent,488
Maharashtra,Thane,None of the Above,None of the Above,13174
Maharashtra,Dhule,DR. BHAMRE SUBHASH RAMRAO,Bharatiya Janata Party,529450
Maharashtra,Dhule,AMRISHBHAI RASIKLAL PATEL,Indian National Congress,398727
Maharashtra,Dhule,ISHI YOGESH YASHWANT,Bahujan Samaj Party,9897
Maharashtra,Dhule,ANSARI NIHAL AH. MOHD. HAROON,Aam Aadmi Party,9339
Maharashtra,Dhule,RAMESH RAGHO MORE,Independent,8057
Maharashtra,Dhule,DR BHUPESH PRAKASH PATIL,Independent,6117
Maharashtra,Dhule,SAYYAD SALIM SAYYAD ALIM,Independent,5278
Maharashtra,Dhule,DEORE MAHENDRA TRYAMBAK,Independent,2091
Maharashtra,Dhule,SAYYAD MOHAMMAD QAYAM,Independent,1600
Maharashtra,Dhule,PINJARI JAYNUDDIN HUSEN,Independent,1545
Maharashtra,Dhule,JAFAR BAPUJI PATHAN,Independent,1355
Maharashtra,Dhule,SAMBHAJI DEVIDAS PATIL,Bahujan Mukti Party,1149
Maharashtra,Dhule,NIHAL AH.AB.RAHEMAN DANEWALA,Samajwadi Party,1148
Maharashtra,Dhule,ABDUL HAMID SHAIKH HABIB,Independent,914
Maharashtra,Dhule,JAGDANE RAMESH SOMA,Maharashtra Parivartan Sena (T),828
Maharashtra,Dhule,MAHEMOOD BHAIJAAN,Awami Vikas Party,792
Maharashtra,Dhule,GAZI ATEZAD MUBEEN KHAN,Independent,788
Maharashtra,Dhule,SHAIKH MUKHATAR AH. MO. QASIM,Welfare Party Of India,765
Maharashtra,Dhule,MO. ISMAIL JUMMAN,Independent,740
Maharashtra,Dhule,None of the Above,None of the Above,2503
Maharashtra,Buldhana,JADHAV PRATAPRAO GANPATRAO,Shivsena,509145
Maharashtra,Buldhana,INGLE KRUSHANARAO GANPATRAO,Nationalist Congress Party,349566
Maharashtra,Buldhana,ABDUL HAFEEZ ABDUL AZIZ,Bahujan Samaj Party,33783
Maharashtra,Buldhana,BALASAHEB SHANKAR DARADE,Independent,29793
Maharashtra,Buldhana,SANDESH ASHOK AMBEDKAR,Bahujan Mukti Party,7927
Maharashtra,Buldhana,PARMESHWAR HIRAMAN GAWAI,Ambedkarist Republican Party,6983
Maharashtra,Buldhana,NAMDEO PUNDLIK DONGARDIVE,Independent,6959
Maharashtra,Buldhana,SANJAY MAHADEV WANKHADE,Independent,4520
Maharashtra,Buldhana,SUDHIR BABAN SURVE,Aam Aadmi Party,3429
Maharashtra,Buldhana,VASANTRAO SUKHDEV DANDAGE,Samajwadi Party,2750
Maharashtra,Buldhana,ADV. RAVINDRA DNYANDEO BHOJANE,Ambedkarite Party of India,2448
Maharashtra,Buldhana,COMMANDER (RTD) ASHOK RAUT,Independent,2077
Maharashtra,Buldhana,SAMBARE DINKAR TUKARAM,Independent,2006
Maharashtra,Buldhana,CHINCHOLE GANGARAM KALUJI,Independent,1917
Maharashtra,Buldhana,KRUSHNARAO INGLE,Independent,1787
Maharashtra,Buldhana,SMT. PRABHATAI MADHUKAR PARLEWAR,Narayani Sena,1725
Maharashtra,Buldhana,RAVINDRASING RAMSING PAWAR,Lok Bharati,1265
Maharashtra,Buldhana,None of the Above,None of the Above,10546
Maharashtra,Jalgaon,A.T. NANA PATIL,Bharatiya Janata Party,647773
Maharashtra,Jalgaon,ANNASAHEB DR.SATISH BHASKARRAO PATIL,Nationalist Congress Party,264248
Maharashtra,Jalgaon,BAGUL V. T.(JIBHAU),Bahujan Samaj Party,10838
Maharashtra,Jalgaon,VIJAY BHIMRAO NIKAM,Independent,9614
Maharashtra,Jalgaon,LALIT GAURISHANKAR SHARMA,Independent,8140
Maharashtra,Jalgaon,DR. SANGRAM GOKULSINGH PATIL,Aam Aadmi Party,7390
Maharashtra,Jalgaon,SATISH BHASKAR PATIL (NANDGAON BK),Independent,6157
Maharashtra,Jalgaon,ASHOK TARACHAND PATIL,Independent,5801
Maharashtra,Jalgaon,SATISH BHASKAR PATIL (MUDI PRA DANGRI),Independent,3998
Maharashtra,Jalgaon,ABRAR BEG SARVAR BEG MIRZA,Republican Party of India,3212
Maharashtra,Jalgaon,PATIL SANDIP YUVRAJ,Independent,2879
Maharashtra,Jalgaon,MORE ISHWAR DAYARAM (EX-SERVICEMAN),Bahujan Mukti Party,2718
Maharashtra,Jalgaon,RAGIB AHMED ABDUL NABI BAHADUR,Samajwadi Party,2675
Maharashtra,Jalgaon,IQBAL RAHEMAN DESHMUKH,Independent,2246
Maharashtra,Jalgaon,NANASO M.P. PAGARE,Rashtravadi Janata Party,1917
Maharashtra,Jalgaon,ADV. ASHOK DAGADU SHINDE,Prabuddha Republican Party,1708
Maharashtra,Jalgaon,DR.MUBIN A. KHALIL A.,Independent,1676
Maharashtra,Jalgaon,ASHA SAHEBRAO PATIL,Maharashtra Parivartan Sena (T),1579
Maharashtra,Jalgaon,SATISH BHASKAR PATIL (VARKHEDI),Independent,1537
Maharashtra,Jalgaon,MAMASHRI SURESH PATIL (PATRAKAR),Hindustan Janta Party,958
Maharashtra,Jalgaon,None of the Above,None of the Above,3268
Maharashtra,Aurangabad,CHANDRAKANT BHAURAO KHAIRE,Shivsena,520902
Maharashtra,Aurangabad,PATIL NITIN SURESH,Indian National Congress,358902
Maharashtra,Aurangabad,JEVRIKAR INDRAKUMAR DNYANOBA,Bahujan Samaj Party,37419
Maharashtra,Aurangabad,SUBHASH KALYANRAO LOMTE,Aam Aadmi Party,11974
Maharashtra,Aurangabad,TRIBHUVAN MADHUKAR PADMAKAR,Independent,6135
Maharashtra,Aurangabad,DANDGE NANASAHEB DAMODHAR,Independent,5901
Maharashtra,Aurangabad,ABDUL KHUDUS ABDUL SAMAD SHAIKH,Bahujan Mukti Party,3775
Maharashtra,Aurangabad,NADEEM RANA,Independent,2922
Maharashtra,Aurangabad,SAYYAD SHAFIYODDIN VAHIYODDIN,Welfare Party Of India,2885
Maharashtra,Aurangabad,GAYAKE SADASHIV AMBADAS,Samajwadi Party,2646
Maharashtra,Aurangabad,PHULARE SURESH ASARAM,Independent,2520
Maharashtra,Aurangabad,KAILAS CHANDRABHAN THENGDE,Independent,2123
Maharashtra,Aurangabad,ANKUSH MUNJAJI TUPSAMUNDRE,Independent,2019
Maharashtra,Aurangabad,BANSODE UDHAV GOVARDHAN,Independent,1795
Maharashtra,Aurangabad,SHAIK SAYYAD SHAIK MAHMOOD,Independent,1581
Maharashtra,Aurangabad,AHAMAD AZIZ AHAMAD MATEEN,Independent,1572
Maharashtra,Aurangabad,JAGDIP VISHWANATH SHINDE,Independent,1530
Maharashtra,Aurangabad,NANDARKAR VISHAL UDDHAV,Independent,1306
Maharashtra,Aurangabad,RAJU BABURAO DOLE,Independent,1238
Maharashtra,Aurangabad,MOHMMAD KISMATWALA KASIM KISMATWALA,Gareeb Aadmi Party,1201
Maharashtra,Aurangabad,JADHAV PUSHPA SHANTILAL,Ambedkar National Congress,1038
Maharashtra,Aurangabad,DR. FEROZ KHAN MURTUZA KHAN,Independent,978
Maharashtra,Aurangabad,BHANUDAS RAMDAS SARODE,Independent,934
Maharashtra,Aurangabad,BANSWAL MANNALAL PREMCHAND,Prabuddha Republican Party,893
Maharashtra,Aurangabad,BALASAHEB ASARAM SARATE,Independent,880
Maharashtra,Aurangabad,JAWAHARLAL LAXMAN BHAGURE,Independent,878
Maharashtra,Aurangabad,BALASAHEB VITTHAL AWARE,Independent,614
Maharashtra,Aurangabad,None of the Above,None of the Above,6372
Maharashtra,Shirdi,LOKHANDE SADASHIV KISAN,Shivsena,532936
Maharashtra,Shirdi,BHAUSAHEB RAJARAM WAKCHAURE,Indian National Congress,333014
Maharashtra,Shirdi,NITIN NAVNATH UDMALE,Aam Aadmi Party,11580
Maharashtra,Shirdi,ADV. MAHENDRA DADASAHEB SHINDE,Bahujan Samaj Party,10381
Maharashtra,Shirdi,SANTOSH MADHUKAR ROHAM,Bahujan Mukti Party,9296
Maharashtra,Shirdi,SHENDE RAVINDRA VITTHAL,Independent,4728
Maharashtra,Shirdi,BALASAHEB DASHRATH BAGUL,Independent,4319
Maharashtra,Shirdi,RAGHUNATH RAMJI MAKASARE,Bharipa Bahujan Mahasangh,3193
Maharashtra,Shirdi,SAYAJI SHANKAR KHARAT,Independent,2954
Maharashtra,Shirdi,WAGH GANGADHAR RADHAJI,Independent,2874
Maharashtra,Shirdi,PAWAR VIJAY BANDERAO,The Lok Party of India,2334
Maharashtra,Shirdi,GHOLAP SANDEEP BHASKAR,Independent,2229
Maharashtra,Shirdi,UDDHAVRAO BALWANT GAIKWAD,Independent,1499
Maharashtra,Shirdi,SARODE POPAT RAMBHAU,Lok Bharati,1429
Maharashtra,Shirdi,None of the Above,None of the Above,9879
Maharashtra,Mumbai North central,POONAM MAHAJAN ALIAS POONAM VAJENDLA RAO,Bharatiya Janata Party,478535
Maharashtra,Mumbai North central,DUTT PRIYA SUNIL,Indian National Congress,291764
Maharashtra,Mumbai North central,PHIROZE PALKHIVALA,Aam Aadmi Party,34824
Maharashtra,Mumbai North central,SHINDE ANAND VYANKATRAO,Bahujan Samaj Party,10128
Maharashtra,Mumbai North central,ABU FARHAN AZMI,Samajwadi Party,9873
Maharashtra,Mumbai North central,AZIMUDDIN KHAN,The Lok Party of India,2099
Maharashtra,Mumbai North central,SHITAL KUMAR JAIN,Independent,1380
Maharashtra,Mumbai North central,DINESH PHULSING RATHOD,Independent,1261
Maharashtra,Mumbai North central,MINAKSHI MUKUND JADHAV,Independent,1022
Maharashtra,Mumbai North central,SURESH GIGA DABHI,Independent,872
Maharashtra,Mumbai North central,GUPTA KANHAIYALAL RAJARAM,Independent,858
Maharashtra,Mumbai North central,CHAWAN SURYAKANT GANGARAM,Independent,787
Maharashtra,Mumbai North central,BIRJE HEMANT ANANT,All India Forward Bloc,693
Maharashtra,Mumbai North central,UMESH SONBA AVHAD,Maharashtra Parivartan Sena (T),657
Maharashtra,Mumbai North central,FRANCIS LAWRENCE FERNANDES,Independent,653
Maharashtra,Mumbai North central,SANJU VERMA,Independent,626
Maharashtra,Mumbai North central,MEHER A. MALLICK,Bahujan Mukti Party,588
Maharashtra,Mumbai North central,ASHOK KISAN LOKHANDE,Republican Party of India,581
Maharashtra,Mumbai North central,NIYAZ AHMED ALLAUDDIN SHAIKH,Awami Vikas Party,512
Maharashtra,Mumbai North central,UPESH M. BARIA,Independent,334
Maharashtra,Mumbai North central,MOHAMMED RAFIK HUSSAIN SHAIKH,National Loktantrik Party,308
Maharashtra,Mumbai North central,None of the Above,None of the Above,6937
Maharashtra,Kalyan,DR.SHRIKANT EKNATH SHINDE,Shivsena,440892
Maharashtra,Kalyan,ANAND PRAKASH PARANJPE,Nationalist Congress Party,190143
Maharashtra,Kalyan,PRAMOD (RAJU) RATAN PATIL,Maharashtra Navnirman sena,122349
Maharashtra,Kalyan,NARESH ARVIND THAKUR,Aam Aadmi Party,20347
Maharashtra,Kalyan,KIRATKAR DAYANAND TULSHIRAM,Bahujan Samaj Party,19643
Maharashtra,Kalyan,ANIL MORE,Bahujan Mukti Party,3531
Maharashtra,Kalyan,MOHAMMAD HAMEED SAYYED,Samajwadi Party,3047
Maharashtra,Kalyan,MOHAMMED AHMED MUKHTAR KHAN ALIAS AHMED NETA,Independent,2467
Maharashtra,Kalyan,SHASHIKANT DADA RASAL,Independent,2096
Maharashtra,Kalyan,BHOSALE SHAMU RAMU,Bharipa Bahujan Mahasangh,1869
Maharashtra,Kalyan,TELGOTE PRAKASH SHAMRAO,Independent,1600
Maharashtra,Kalyan,MOTE CHANDRAKANT RAMBHAJI,Independent,1279
Maharashtra,Kalyan,ASMITA PUSHKAR PURANIK,Independent,1243
Maharashtra,Kalyan,SULOCHANA DHARMENDRA SONKAMBLE,Republican Bahujan Sena,1229
Maharashtra,Kalyan,DILIP PRABHAKAR ALONI (JOSHI),Independent,1222
Maharashtra,Kalyan,SHIVA KRISHNAMURTHY IYAR,Independent,788
Maharashtra,Kalyan,SUDHAKAR NARAYAN SHINDE,Ambedkarite Party of India,726
Maharashtra,Kalyan,BELAMKAR MILIND CHANDRAKANT,Lok Bharati,540
Maharashtra,Kalyan,None of the Above,None of the Above,9185
Maharashtra,Mumbai South central,RAHUL RAMESH SHEWALE,Shivsena,381275
Maharashtra,Mumbai South central,EKNATH M. GAIKWAD,Indian National Congress,242933
Maharashtra,Mumbai South central,ADITYA RAJAN SHIRODKAR,Maharashtra Navnirman sena,73113
Maharashtra,Mumbai South central,SUNDAR BALAKRISHNAN,Aam Aadmi Party,27715
Maharashtra,Mumbai South central,ADV.AIYYAR GANESH,Bahujan Samaj Party,14762
Maharashtra,Mumbai South central,ABBAS HUSSAIN SHAIKH,Samajwadi Party,5575
Maharashtra,Mumbai South central,NOOR MOHAMMAD SAHEB RAJA KHAN,Independent,1588
Maharashtra,Mumbai South central,HUSSAIN AKBAR SAYYED,Bahujan Mukti Party,1430
Maharashtra,Mumbai South central,DILIP GAIKWAD,Independent,1338
Maharashtra,Mumbai South central,MOIN SOHAIL SAYYED,Independent,1212
Maharashtra,Mumbai South central,NAMDEV SAHEBRAO SABLE,Independent,1184
Maharashtra,Mumbai South central,ADV.VAISHALI SURENDRA BORDE,Independent,1083
Maharashtra,Mumbai South central,ASLAM HANIF KHOT,Peace Party,1018
Maharashtra,Mumbai South central,SANGHAPAL HIRACHAND GADEKAR,Ambedkarite Party of India,919
Maharashtra,Mumbai South central,MAHENDRA TULSHIRAM BHINGARDIVE,Independent,919
Maharashtra,Mumbai South central,CLIFFORD MARTIS,Independent,800
Maharashtra,Mumbai South central,MR. NADAR SELVAKUMAR PERIMBRAJ,Independent,686
Maharashtra,Mumbai South central,KHAN SIRAJ AHMED,Independent,545
Maharashtra,Mumbai South central,GANESH BHIMRAO BUDHE,Independent,514
Maharashtra,Mumbai South central,PAL JITENDRA KUMAR,Independent,453
Maharashtra,Mumbai South central,SHINDE SARJERAO MAHADEV,Independent,418
Maharashtra,Mumbai South central,None of the Above,None of the Above,9580
Maharashtra,Ahmadnagar,GANDHI DILIPKUMAR MANSUKHLAL,Bharatiya Janata Party,605185
Maharashtra,Ahmadnagar,RAJEEV APPASAHEB RAJALE,Nationalist Congress Party,396063
Maharashtra,Ahmadnagar,KOLSEPATIL BABAN GANGADHAR,Independent,12683
Maharashtra,Ahmadnagar,KAKADE KISAN YASHWANT,Bahujan Samaj Party,8386
Maharashtra,Ahmadnagar,DEEPALI SAYYED,Aam Aadmi Party,7120
Maharashtra,Ahmadnagar,H.B.P. AJAY SAHEBRAO BARASKAR MAHARAJ,Bahujan Mukti Party,6003
Maharashtra,Ahmadnagar,SHRIDHAR JAKHUJI DAREKAR,Independent,5649
Maharashtra,Ahmadnagar,LAXMAN BHANUDAS SONALE,Independent,3497
Maharashtra,Ahmadnagar,ANIL JAYSING GHANVAT,Independent,3086
Maharashtra,Ahmadnagar,PETRAS KISAN GAWARE,Independent,2525
Maharashtra,Ahmadnagar,DESHMUKH VIKAS NANASAHEB,Independent,2202
Maharashtra,Ahmadnagar,DAMALE SHIVAJIRAO WAMAN,Bhartiya Navjawan Sena (Paksha),1385
Maharashtra,Ahmadnagar,POPAT MANIK FULE,Maharashtra Parivartan Sena (T),1061
Maharashtra,Ahmadnagar,None of the Above,None of the Above,7473
Maharashtra,Yavatmal Washim,GAWALI BHAVANA PUNDLIKRAO,Shivsena,477905
Maharashtra,Yavatmal Washim,ADV.SHIVAJIRAO SHIVARAMJI MOGHE,Indian National Congress,384089
Maharashtra,Yavatmal Washim,RATHOD BALIRAM PARASHRAM,Bahujan Samaj Party,48981
Maharashtra,Yavatmal Washim,RAJU OR BHARATRAJE UDDHAORAO PATIL,Maharashtra Navnirman sena,26194
Maharashtra,Yavatmal Washim,RATHOD MOHAN MALLU,Bharipa Bahujan Mahasangh,22143
Maharashtra,Yavatmal Washim,GAIKAWAD RAJENDRA VITTHAL,Independent,7482
Maharashtra,Yavatmal Washim,ULHAS VASRAMJI JADHAO,Independent,7166
Maharashtra,Yavatmal Washim,RATHOD NARESH FULSING,Aam Aadmi Party,6423
Maharashtra,Yavatmal Washim,ABRAR AHMAD MAHMUD KHAN,Welfare Party Of India,5672
Maharashtra,Yavatmal Washim,DHOTE JAMBUWANTRAO BAPURAO,All India Forward Bloc,4708
Maharashtra,Yavatmal Washim,RATHOD INDUWAR KASHIRAM,Bahujan Mukti Party,4627
Maharashtra,Yavatmal Washim,SUDHAKAR NAMDEORAO GHAYAWAN,Republican Party of India (Khobragade),3602
Maharashtra,Yavatmal Washim,NARESH MAHADEORAO GUGHANE,Independent,3422
Maharashtra,Yavatmal Washim,AHMAD PARVEZ IQBAL AHMAD NUR MOHAMMAD,Samajwadi Party,3262
Maharashtra,Yavatmal Washim,PRAKASH RAGHUNATH RAUT,Independent,2514
Maharashtra,Yavatmal Washim,GURNULE RAMESH VITHOBA,Independent,2484
Maharashtra,Yavatmal Washim,SAWAKE RAMKRUSHNA PUNDLIKRAO,Communist Party of India (Marxist-Leninist) Red Star,2193
Maharashtra,Yavatmal Washim,CHAVAN VINOD NARAYAN,Independent,2177
Maharashtra,Yavatmal Washim,SHAIKH JABBAR SHAIKH USUF,Independent,2172
Maharashtra,Yavatmal Washim,SURESH RAJARAM MUKHMALE,Maharashtra Vikas Aghadi,2130
Maharashtra,Yavatmal Washim,RAGHUNATH SHANKARRAO SHELKE,Ambedkarist Republican Party,1911
Maharashtra,Yavatmal Washim,PRASHANT PANDHARINATH SURVE,Independent,1558
Maharashtra,Yavatmal Washim,KAMBLE UTTAM BHAGAJI,Prabuddha Republican Party,1402
Maharashtra,Yavatmal Washim,SHYAMKUMAR BAPURAO LOKHANDE,Independent,1218
Maharashtra,Yavatmal Washim,MESHRAM DNYANESHWAR TUKARAM,Independent,1036
Maharashtra,Yavatmal Washim,PATIL UPENDRA BABARAO,Independent,895
Maharashtra,Yavatmal Washim,None of the Above,None of the Above,5583
Maharashtra,Raver,KHADASE RAKSHA NIKHIL,Bharatiya Janata Party,605452
Maharashtra,Raver,MANISHDADA JAIN,Nationalist Congress Party,287384
Maharashtra,Raver,BHANDE DASHRATH MOTIRAM,Bahujan Samaj Party,29752
Maharashtra,Raver,DR. ULHAS VASUDEO PATIL,Independent,21332
Maharashtra,Raver,MANISHDADA SATISH JAIN,Independent,14599
Maharashtra,Raver,MOHAN SHAMRAO CHAVHAN (MANOJSIR VARDIKAR),Independent,8797
Maharashtra,Raver,KHATIK MOHAMMAD HAROON,Samajwadi Party,4376
Maharashtra,Raver,SHAIKH SHAKIR,Independent,4009
Maharashtra,Raver,RAJEEV SATYENDRA SHARMA,Aam Aadmi Party,3756
Maharashtra,Raver,ZAGADYA PURMYA PAWARA,Independent,3707
Maharashtra,Raver,D.D.WANI (PHOTOGRAPHER) (DNYANESHWAR DIVAKAR WANI),Independent,3349
Maharashtra,Raver,GOVINDA NARAYAN GUNJAL,Independent,2844
Maharashtra,Raver,KADRI SANIYA SAIYED ALI,Independent,2658
Maharashtra,Raver,WAMANRAO MADHAV SASANE,Bahujan Mukti Party,1757
Maharashtra,Raver,J.G.SURWADE,Independent,1634
Maharashtra,Raver,MANYAR SHE. SAJID SHE. KADAR,Minorities Democratic Party,1606
Maharashtra,Raver,SHAIKH SHAHERA BI. JAINODDIN SHAIKH,Independent,1375
Maharashtra,Raver,SURESH HIRAMAN INGALE,Independent,1258
Maharashtra,Raver,DNYANESHWAR AMALE-PATIL,All India Forward Bloc,1220
Maharashtra,Raver,GAIKWAD BHAGWAN MADHAV,Prabuddha Republican Party,1206
Maharashtra,Raver,ASHOK TRYAMBAK INGALE,Independent,1131
Maharashtra,Raver,SONAWANE VANDANA SHIVAJI,Independent,978
Maharashtra,Raver,SHAIKH MO. ASGAR SAKHAWAT,Republican Party of India,821
Maharashtra,Raver,None of the Above,None of the Above,4212
Maharashtra,Osmanabad,GAIKWAD RAVINDRA VISHWANATH,Shivsena,607699
Maharashtra,Osmanabad,PATIL PADMASINHA BAJIRAO,Nationalist Congress Party,373374
Maharashtra,Osmanabad,DHALE PADMASHEEL RAMCHANDRA,Bahujan Samaj Party,28322
Maharashtra,Osmanabad,ROHAN SUBHASH DESHMUKH,Independent,26868
Maharashtra,Osmanabad,TUKARAM DASRAO GANGAWANE,Independent,10210
Maharashtra,Osmanabad,KAKASAHEB BABURAO RATHOD,Independent,7245
Maharashtra,Osmanabad,GAIKWAD RAVINDRA VISHWANATH,Independent,7169
Maharashtra,Osmanabad,TUPSUNDARE BALAJI BAPURAO,Independent,7038
Maharashtra,Osmanabad,VIKRAM ASHOK SAWALE,Aam Aadmi Party,4240
Maharashtra,Osmanabad,TARKASE PUSHPA MURLIDHAR,Hindusthan Nirman Dal,4126
Maharashtra,Osmanabad,NAVNATH DASHRATH UPLEKAR,Independent,4092
Maharashtra,Osmanabad,ROKDE MILIND SOMNATH,Bharipa Bahujan Mahasangh,3725
Maharashtra,Osmanabad,SMT. JADHAV UJVALA EKNATH,Independent,3466
Maharashtra,Osmanabad,PADMSINH VIJAYSINH MUNDHE,Independent,3361
Maharashtra,Osmanabad,GAIKWAD UMAJI PANDURANG,Independent,2355
Maharashtra,Osmanabad,ADV. SHAILENDRA RAMESHWAR YAVALKAR,Samajwadi Party,2257
Maharashtra,Osmanabad,PATIL MANOHAR ANANDRAO,Independent,2251
Maharashtra,Osmanabad,KSHIRSAGAR SHIVAJI JAGANNATH,Independent,1978
Maharashtra,Osmanabad,SUSHILKUMAR VINAYAK PADULE,Independent,1963
Maharashtra,Osmanabad,DR. RAMESH SUBRAV BANSODE,Republican Party of India,1701
Maharashtra,Osmanabad,ALTAF HUSAIN YENEGURE,Independent,1640
Maharashtra,Osmanabad,SAYYAD MOHAMD SAYYAD IBRAHIM,Bahujan Mukti Party,1528
Maharashtra,Osmanabad,KSHIRSAGAR VIJAY MARUTI,Independent,1482
Maharashtra,Osmanabad,SIDDIK IBRAHIM BOUDIWALI,Independent,1429
Maharashtra,Osmanabad,SHAIKH MUBARAK MAINODDIN,Independent,1418
Maharashtra,Osmanabad,SHINDE RAJENDRA BHAIRAVNATH,Maharashtra Parivartan Sena (T),1313
Maharashtra,Osmanabad,BHOSALE REVAN VISHWANATH,Janata Dal (Secular),1288
Maharashtra,Osmanabad,None of the Above,None of the Above,4613
Maharashtra,Shirur,ADHALRAO SHIVAJI DATTATREY,Shivsena,643415
Maharashtra,Shirur,NIKAM DEVDATTA JAYWANT,Nationalist Congress Party,341601
Maharashtra,Shirur,ASHOK SHIRPATI KHANDEBHARAD,Maharashtra Navnirman sena,36448
Maharashtra,Shirur,WAGHMARE SARJERAO BHIKA,Bahujan Samaj Party,19783
Maharashtra,Shirur,NIKAM SOPANRAO PANDHARINATH,Aam Aadmi Party,16663
Maharashtra,Shirur,SONALI CHANDRASHEKHAR THORAT,Independent,3850
Maharashtra,Shirur,MILINDRAJE DIGAMBAR BHOSALE,Independent,3258
Maharashtra,Shirur,DAMBALE RAM DHARMA,Independent,2433
Maharashtra,Shirur,NILESH YASHWANT MHASKULE,Independent,2118
Maharashtra,Shirur,BAJARE SITARAM NAMDEO (BABA),Bahujan Mukti Party,1933
Maharashtra,Shirur,GEETARAM RAMCHANDRA KADAM,Socialist Party (India),1906
Maharashtra,Shirur,KATORE MAHADEV NIWRITTI,Independent,1792
Maharashtra,Shirur,VIKAS SUDAM KUSEKAR,All India Forward Bloc,1174
Maharashtra,Shirur,UMESH ARJUN KANCHAN,Independent,1137
Maharashtra,Shirur,None of the Above,None of the Above,11995
Maharashtra,Latur,DR. SUNIL BALIRAM GAIKWAD,Bharatiya Janata Party,616509
Maharashtra,Latur,BANSODE DATTATRAY GUNDERAO,Indian National Congress,363114
Maharashtra,Latur,KAMBLE DEEPAK ARVIND,Bahujan Samaj Party,20029
Maharashtra,Latur,DIPRATNA PRABHAKARRAO NILANGEKAR,Aam Aadmi Party,9829
Maharashtra,Latur,SHINDE SUDHIR SHRIPATRAO,Independent,8678
Maharashtra,Latur,GAJANAN PANDURANG MANE,Independent,3401
Maharashtra,Latur,SURYAWANSI SIDHARTH TUKARAM,Bahujan Mukti Party,2830
Maharashtra,Latur,BHARAT MAROTI KADAM,Ambedkarite Party of India,2724
Maharashtra,Latur,JARIPATKE DNYANOBA SOPANRAO,Independent,2052
Maharashtra,Latur,BHARAT DAMODAR LONDHE,Independent,2035
Maharashtra,Latur,PADMAKAR KONDIBA OVHAL,Independent,1941
Maharashtra,Latur,BALAJI DNYANOBA KAMBLE,Samajwadi Party,1840
Maharashtra,Latur,RAJKUMAR BHIMRAO CHANDANSHIVE,Independent,1765
Maharashtra,Latur,UDARE MINAKSHI MAHADEV,Independent,1541
Maharashtra,Latur,SHIVKHANDESHWAR NARAYAN DAHGE,Bharatiya Jawala Shakti Paksha,1337
Maharashtra,Latur,JOGDAND FAKIRA VAIJNATH,Independent,1306
Maharashtra,Latur,GAJENDRA LIMBAJI AVGHADE,Independent,1287
Maharashtra,Latur,KAMBLE MILIND HARIBHAU,Independent,942
Maharashtra,Latur,None of the Above,None of the Above,13996
Maharashtra,Nandurbar,DR.GAVIT HEENA VAIJAYKUMAR,Bharatiya Janata Party,579486
Maharashtra,Nandurbar,GAVIT MANIKRAO HODLYA,Indian National Congress,472581
Maharashtra,Nandurbar,VASAVE AMIT SHEKLAL,Bahujan Samaj Party,12133
Maharashtra,Nandurbar,ADV.SOBJI DEVALYA GAVIT,Independent,9184
Maharashtra,Nandurbar,C.S.VALVI,Independent,6004
Maharashtra,Nandurbar,ARJUNSING DIVANSING VASAVE,Bharipa Bahujan Mahasangh,4712
Maharashtra,Nandurbar,MAHESH JAYSING PAWARA,Independent,4389
Maharashtra,Nandurbar,VIRENDRA RAVAJI VALVI,Aam Aadmi Party,3511
Maharashtra,Nandurbar,RANJIT JUGLA PADVI,Bahujan Mukti Party,3498
Maharashtra,Nandurbar,None of the Above,None of the Above,21178
Maharashtra,Jalna,DANVE RAOSAHEB DADARAO,Bharatiya Janata Party,591428
Maharashtra,Jalna,AUTADE VILAS KESHAVRAO,Indian National Congress,384630
Maharashtra,Jalna,DR. WANKHEDE SHARADCHANDRA GANAPATRAO,Bahujan Samaj Party,23719
Maharashtra,Jalna,M. JAVED A. WAHAB,Independent,7704
Maharashtra,Jalna,NADE DNYANESHWAR DAGDUJI,Independent,6953
Maharashtra,Jalna,BABASAHEB PATIL SHINDE,Independent,6547
Maharashtra,Jalna,DILIP DATTA MHASKE,Aam Aadmi Party,4622
Maharashtra,Jalna,VITTHAL SAHEBRAO SHELKE,Ambedkarite Party of India,4587
Maharashtra,Jalna,KAKARWAL PRATAPSING MAHAJAN,Independent,4237
Maharashtra,Jalna,AGRAWAL KUNJBIHARI JUGALKISHOR,Samajwadi Party,3469
Maharashtra,Jalna,RAMBHAU HARIBHAU UGLE,Rashtriya Sant Sandesh Party,3283
Maharashtra,Jalna,KARANDE GANESH NAVNATHRAO,Independent,2874
Maharashtra,Jalna,MIRZA AFSAR BEG,Welfare Party Of India,2467
Maharashtra,Jalna,RATHOD RAMESH LALSING,Bahujan Mukti Party,2462
Maharashtra,Jalna,UNGE RAMBHAU KUNDLIK,Independent,2240
Maharashtra,Jalna,AD. MAHESH VITTHALRAO KHARAT,Independent,1967
Maharashtra,Jalna,ASHOK VITTHAL SONWANE,Independent,1894
Maharashtra,Jalna,SANJAY NIVRUTTI HIVRALE,Ambedkar National Congress,1821
Maharashtra,Jalna,SAYYAD HUSAIN AHMAD,Independent,1655
Maharashtra,Jalna,MOHAMMAD ASAD SHAIKH AHEMAD,Minorities Democratic Party,1342
Maharashtra,Jalna,RAMBHAU VITTHAL CHINCHORE,Independent,1120
Maharashtra,Jalna,SAPKAL LILABAI DHARMA,Independent,1110
Maharashtra,Jalna,None of the Above,None of the Above,4128
Maharashtra,Maval,APPA ALIAS SHRIRANG CHANDU BARNE,Shivsena,512226
Maharashtra,Maval,JAGTAP LAXMANBHAU PANDURANG,Peasants And Workers Party of India,354829
Maharashtra,Maval,NARWEKAR RAHUL SURESH,Nationalist Congress Party,182293
Maharashtra,Maval,BHAPKAR MARUTI SAHEBRAO,Aam Aadmi Party,30566
Maharashtra,Maval,BHIMAPUTRA TEXAS GAIKWAD,Bahujan Samaj Party,25982
Maharashtra,Maval,BARNE SHRIRANG CHIMAJI,Janata Dal (United),11259
Maharashtra,Maval,GHARAT SANTOSH ROHIDAS,Bahujan Mukti Party,8940
Maharashtra,Maval,JAGTAP LAXMAN SITARAM,Independent,8765
Maharashtra,Maval,SIR MANUEL SABINO D'SOUZA,Independent,4311
Maharashtra,Maval,NANAWARE PRAMOD MAHADEO,Independent,4276
Maharashtra,Maval,SUBHASH GOPALRAO BODHE,Independent,3429
Maharashtra,Maval,BHIMRAO ANNA KADALE,Independent,2911
Maharashtra,Maval,ADV.VAISHALI SURENDRA BORDE,Independent,2536
Maharashtra,Maval,H.B.P.ADV.R.K.PATIL,Independent,2336
Maharashtra,Maval,NURJAHAN YASIN SHAIKH,Independent,2024
Maharashtra,Maval,RAJENDRA MARUTI KATE,Independent,2016
Maharashtra,Maval,SIMA DHARMANNA MANIKADI,Prabuddha Republican Party,1765
Maharashtra,Maval,JAGTAP LAXMAN MURLIDHAR,Independent,1600
Maharashtra,Maval,ABHIJIT ANIL APTE,Independent,1085
Maharashtra,Maval,None of the Above,None of the Above,11186
Maharashtra,Sangli,SANJAYKAKA PATIL,Bharatiya Janata Party,611563
Maharashtra,Sangli,PATIL PRATIK PRAKASHBAPU,Indian National Congress,372271
Maharashtra,Sangli,BANDGAR NANASO BALASO,Bahujan Samaj Party,11378
Maharashtra,Sangli,NITIN GANPATRAO SAVGAVE,Bahujan Mukti Party,8405
Maharashtra,Sangli,SURESH PARTH MANE (NANA),Independent,8353
Maharashtra,Sangli,SAMINA ABDULMAJID KHAN,Aam Aadmi Party,4699
Maharashtra,Sangli,CHOPADE SHRIPRASAD JANARDAN,Independent,4309
Maharashtra,Sangli,SIDDHA SHIVAPPA BHOSALE,Independent,4309
Maharashtra,Sangli,SHARMILA BABA WAKSHE,Independent,2481
Maharashtra,Sangli,ADV. K. D. SHINDE,Janata Dal (Secular),2460
Maharashtra,Sangli,MADHUKAR BABURAO KAMBALE,Independent,1844
Maharashtra,Sangli,TANAJIRAO JAGANNATH JADHAV(CHINCHANIKAR),Independent,1774
Maharashtra,Sangli,POURNIMA VILAS KORPALE,Independent,1702
Maharashtra,Sangli,SHRIRANG BABURAO PAKHARE,Independent,1661
Maharashtra,Sangli,ASHOK DNANU MANE(BHAU),Independent,1494
Maharashtra,Sangli,DHATTURE HAFIZBHAI HUSAIN,Independent,997
Maharashtra,Sangli,SUREKHA ALIAS SURAIYYA SHAHIN SHAIKH,Maharashtra Vikas Aghadi,849
Maharashtra,Sangli,None of the Above,None of the Above,6110
Maharashtra,Bhandara Gondiya,NANABHAU FALGUNRAO PATOLE,Bharatiya Janata Party,606129
Maharashtra,Bhandara Gondiya,PATEL PRAFUL MANOHARBHAI,Nationalist Congress Party,456875
Maharashtra,Bhandara Gondiya,ENG. SANJAY RAGHUNATH NASARE,Bahujan Samaj Party,50958
Maharashtra,Bhandara Gondiya,ADV.DADASAHEB ALIAS DHANU BHIKAJI WALTHARE,Independent,10133
Maharashtra,Bhandara Gondiya,MORESHWAR RAMAJI MESHRAM,Independent,10127
Maharashtra,Bhandara Gondiya,ZANZAD SHALIKRAM SHANKARRAO,Independent,9736
Maharashtra,Bhandara Gondiya,PRASHANT SHYAMSUNDAR MISHRA,Aam Aadmi Party,8647
Maharashtra,Bhandara Gondiya,DHANANJAY SHAMLALJI RAJABHOJ,Independent,6128
Maharashtra,Bhandara Gondiya,ISHWAR LAHANU NANDAGAWALI,Independent,5941
Maharashtra,Bhandara Gondiya,CHOLE OMPRAKASH BAKARAM,Independent,4417
Maharashtra,Bhandara Gondiya,VISHAL ARVIND BHOYAR,Independent,4169
Maharashtra,Bhandara Gondiya,PATLE ANJALI AGASTIKUMAR,Bharipa Bahujan Mahasangh,1955
Maharashtra,Bhandara Gondiya,ARUN NAGORAO GAJBHIYE,Independent,1876
Maharashtra,Bhandara Gondiya,BANTE JITENDRA RAMAJI,Independent,1729
Maharashtra,Bhandara Gondiya,SAYYAD AFJALALI ALIAS CHHANUBHAI,Minorities Democratic Party,1578
Maharashtra,Bhandara Gondiya,DR.KOHAPARE HARSHAWARDHAN MUNESHWAR,Bahujan Mukti Party,1544
Maharashtra,Bhandara Gondiya,DAHARWAL GANESHDEO RAGHUJI,Gondvana Gantantra Party,1542
Maharashtra,Bhandara Gondiya,SUSHMA VITTHAL NAGPURE,Independent,1477
Maharashtra,Bhandara Gondiya,RAMAN MOTIRAM BANSOD,Ambedkarite Party of India,1429
Maharashtra,Bhandara Gondiya,MATE MANOHAR ALIAS MAMA,Independent,1380
Maharashtra,Bhandara Gondiya,THAKARE RAMESHWAR (RAMESHWAR) SUNDARLAL,Samajwadi Party,1260
Maharashtra,Bhandara Gondiya,JITENDRA AADKUJI RAUT,Akhil Bharatiya Manavata Paksha,1077
Maharashtra,Bhandara Gondiya,RANJEET AMARDAS SUKHDEVE,Ambedkar Samaj Party,987
Maharashtra,Bhandara Gondiya,MIRZA VAHED BEG AHMADBEG,Independent,899
Maharashtra,Bhandara Gondiya,VARSHA GOVIND TIDKE,Independent,594
Maharashtra,Bhandara Gondiya,WADHAVE DAMODHAR NATTHU,Independent,577
Maharashtra,Bhandara Gondiya,None of the Above,None of the Above,4032
Maharashtra,Kolhapur,DHANANJAY BHIMRAO MAHADIK,Nationalist Congress Party,607665
Maharashtra,Kolhapur,SANJAY SADASHIV MANDALIK,Shivsena,574406
Maharashtra,Kolhapur,SAMPATRAO SHAMRAO PAWAR PATIL,Peasants And Workers Party of India,13162
Maharashtra,Kolhapur,SANDEEP GUNDOPANT SANKPAL,Independent,10963
Maharashtra,Kolhapur,KURANE AJAY PRAKASH,Bahujan Samaj Party,9291
Maharashtra,Kolhapur,KAMBLE DAYANAND VASANT,Bahujan Mukti Party,8635
Maharashtra,Kolhapur,ATUL PRASANNAKUMAR DIGHE,Bharipa Bahujan Mahasangh,7067
Maharashtra,Kolhapur,SHEREGAR CHETAN VENKATESH,Independent,6114
Maharashtra,Kolhapur,PATIL BAJRANG KRISHNA,Independent,5676
Maharashtra,Kolhapur,NARAYAN GUNDU POWAR,Aam Aadmi Party,5495
Maharashtra,Kolhapur,YASHWANT BALKRUSHNA JOSHI,Independent,1415
Maharashtra,Kolhapur,KAMBLE SUKUMAR DATTU,Independent,915
Maharashtra,Kolhapur,JEEVAN ALIAS C.A.PATIL,Independent,898
Maharashtra,Kolhapur,PANDURANG TUKARAM CHOUGALE,Independent,836
Maharashtra,Kolhapur,MHAMANE ANIL SUBHASH,Independent,736
Maharashtra,Kolhapur,None of the Above,None of the Above,7015
Maharashtra,Nagpur,GADKARI NITIN JAIRAM,Bharatiya Janata Party,587767
Maharashtra,Nagpur,VILAS MUTTEMWAR,Indian National Congress,302939
Maharashtra,Nagpur,DR. MOHAN RAMRAO GAIKWAD,Bahujan Samaj Party,96433
Maharashtra,Nagpur,ANJALI ANISH DAMANIA,Aam Aadmi Party,69081
Maharashtra,Nagpur,KAVITA VINODKUMAR TIBDIWAL,Independent,2408
Maharashtra,Nagpur,KANPHADE RAJENDRAKUMAR EX. ADDITIONAL COLLECTOR,Independent,2269
Maharashtra,Nagpur,SENAPATI UTTAM SAPAN,Independent,2017
Maharashtra,Nagpur,CHANDA SUDHIR MANWATKAR,Independent,1880
Maharashtra,Nagpur,DR. PRADEEP RAMBHAUJI NAGRALE,Ambedkarite Party of India,1366
Maharashtra,Nagpur,ANSARI JAVED AHEMAD,Democratic Secular Party,1262
Maharashtra,Nagpur,SHRIDHAR NARAYAN SALVE,Independent,1187
Maharashtra,Nagpur,SOMKUVAR VIJAY SITARAM,Independent,1077
Maharashtra,Nagpur,SUNIL DATTU PENDOR,Bahujan Mukti Party,836
Maharashtra,Nagpur,JIVAN RAMTEKE,Independent,807
Maharashtra,Nagpur,GAUS MOHAMMED SHEIKH AYYUB SHEIKH,Independent,784
Maharashtra,Nagpur,RAVINDRA MANIK BORKAR,Independent,760
Maharashtra,Nagpur,ADV. SURESH SHINDE,Independent,677
Maharashtra,Nagpur,MOHAN MAROTRAO KAREMORE,Independent,665
Maharashtra,Nagpur,ANITA NAGDIGAMBAR TEKAM,Independent,660
Maharashtra,Nagpur,PHUSEY GHANSHYAM RAMAJI,Republican Party of India,655
Maharashtra,Nagpur,SHAKIL WASI AHAMAD,Independent,542
Maharashtra,Nagpur,AJAZ KHAN,Independent,542
Maharashtra,Nagpur,BABURAO DAMADUJI MESHRAM,Independent,539
Maharashtra,Nagpur,RAJESH SURESH SADHANKAR,Independent,537
Maharashtra,Nagpur,CHIMOTE RAMMURTI KESHVRAO,Gondvana Gantantra Party,528
Maharashtra,Nagpur,BASHIR KHAN,Minorities Democratic Party,466
Maharashtra,Nagpur,SHAHID SHARIF,Janata Dal (United),452
Maharashtra,Nagpur,PANKAJ PRAFULKUMAR BHANSALI,Independent,439
Maharashtra,Nagpur,DR. DHARMENDRA MANDLIK (PARATE),Hindustan Janta Party,426
Maharashtra,Nagpur,BABULAL SUNDARLAL BANJARE,Independent,419
Maharashtra,Nagpur,DILIP NARAYAN BHORKAR,Independent,415
Maharashtra,Nagpur,DHIRAJ JAIDEV GAJBHIYE,Independent,390
Maharashtra,Nagpur,ATEEQUE AHMAD MALIK,Independent,373
Maharashtra,Nagpur,None of the Above,None of the Above,3460
Maharashtra,Amravati,ADSUL ANANDRAO VITHOBA,Shivsena,467212
Maharashtra,Amravati,NAVNEET RAVI RANA,Nationalist Congress Party,329280
Maharashtra,Amravati,GUNWANT SUDAMRAO DEVPARE,Bahujan Samaj Party,98200
Maharashtra,Amravati,DR.RAJENDRA RAMKRISHNA GAWAI,Republican Party of India,54278
Maharashtra,Amravati,RAJU MAHADEORAO SONONE,Independent,10052
Maharashtra,Amravati,RAJU S. MANKAR,Independent,7873
Maharashtra,Amravati,BHAVNA BHAVESH WASNIK,Aam Aadmi Party,6424
Maharashtra,Amravati,SIRSAT HARIDAS ANKUSH,Independent,5268
Maharashtra,Amravati,ADV. BANDYA SANE ALIAS BANDU SAMPATRAO SANE,Independent,3732
Maharashtra,Amravati,JYOTI GAJANAN MAKODE,Ambedkarite Party of India,3724
Maharashtra,Amravati,MANOHAR BALIRAM SONONE,Independent,2489
Maharashtra,Amravati,VISHWANATH GOTUJI JAMNEKAR,Independent,2011
Maharashtra,Amravati,DONGRE PRIYA ANIL,Independent,1734
Maharashtra,Amravati,ATHAWALEY SANJAY HIRAMANJI,Independent,1649
Maharashtra,Amravati,SUNIL DAVID AMRAVATI,Bahujan Mukti Party,1463
Maharashtra,Amravati,RAMTEKE RAMESH DEVIDASRAO,Republican Party of India (Khobragade),1442
Maharashtra,Amravati,JYOTI SANJAY DEWKAR,Independent,1312
Maharashtra,Amravati,KIRANTAI DADARAO ALIAS KOKUBHAU KOKATE,Independent,970
Maharashtra,Amravati,ASHATAI ABHYANKAR AMRAVATI,Independent,809
Maharashtra,Amravati,None of the Above,None of the Above,4139
Maharashtra,Chandrapur,AHIR HANSRAJ GANGARAM,Bharatiya Janata Party,508049
Maharashtra,Chandrapur,DEOTALE SANJAY WAMANRAO,Indian National Congress,271780
Maharashtra,Chandrapur,CHATAP WAMANRAO SADASHIV,Aam Aadmi Party,204413
Maharashtra,Chandrapur,KUMBHARE HANSRAJ GULAB,Bahujan Samaj Party,49229
Maharashtra,Chandrapur,PRAMOD MANGARUJI SORTE,Independent,10930
Maharashtra,Chandrapur,VINOD DINANATH MESHRAM,Independent,8936
Maharashtra,Chandrapur,ASHOK VITHOBA KHANDALE,Republican Party of India,8302
Maharashtra,Chandrapur,NAMDEO SHEDMAKE,Independent,5829
Maharashtra,Chandrapur,NANDKISHOR GANGARAM RANGARI,Ambedkarite Party of India,4850
Maharashtra,Chandrapur,FIRAJ PATHAN,Bahujan Mukti Party,4341
Maharashtra,Chandrapur,QURESHI M. EKHALAK M. YUSUF,Socialist Party (India),4176
Maharashtra,Chandrapur,KARTIK GAJANAN KODAPE,Independent,3879
Maharashtra,Chandrapur,NITIN VASANT POHANE,Lok Bharati,3772
Maharashtra,Chandrapur,PANKAJKUMAR SHARMA,All India Trinamool Congress,3216
Maharashtra,Chandrapur,GHAYWAN ROSHAN JAMBUWANTRAO,Republican Paksha (Khoripa),2736
Maharashtra,Chandrapur,ATUL ASHOK MUNGINWAR,Independent,2693
Maharashtra,Chandrapur,SIDDHARTH RAUT,Prabuddha Republican Party,2188
Maharashtra,Chandrapur,SANJAY NILKANTH GAWANDE,Independent,2167
Maharashtra,Chandrapur,None of the Above,None of the Above,8257
Maharashtra,Beed,MUNDE GOPINATHRAO PANDURANG,Bharatiya Janata Party,635995
Maharashtra,Beed,DHAS SURESH RAMCHANDRA,Nationalist Congress Party,499541
Maharashtra,Beed,ROTHOD DIGAMBAR RAMRAO,Bahujan Samaj Party,14166
Maharashtra,Beed,SOLANKE PRKASH BHAGWANRAO,Independent,8634
Maharashtra,Beed,ASHOK DHONDIBA SONWANE,Independent,5383
Maharashtra,Beed,TEJAS ANKUSH GHUMARE,Independent,5357
Maharashtra,Beed,NADU MADHAV,Aam Aadmi Party,4283
Maharashtra,Beed,ARJUN HANMANTA NIMBALKAR,Independent,3758
Maharashtra,Beed,SAYYED NAVIDUJJAMMA,Independent,3732
Maharashtra,Beed,SAYYED MINHAJ ALI SAYYAD WAJED ALI (PENDKHAJURWALE),Independent,3617
Maharashtra,Beed,ASHOK BHAGOJI THORAT,Independent,3264
Maharashtra,Beed,AGHAV JAYPRAKASH SITARAM,Independent,3247
Maharashtra,Beed,KALE KRISHNA BHANUDAS,Bharipa Bahujan Mahasangh,3163
Maharashtra,Beed,INAMDAR JABBERMIYA DAGERASA,Independent,3040
Maharashtra,Beed,AVINASH NAMDEV WANKHEDE,Independent,2797
Maharashtra,Beed,BHAGWAT HARIHAR TAWARE,Independent,2698
Maharashtra,Beed,SADULLA ASDULLA INAMDAR,Independent,2482
Maharashtra,Beed,DONGARE MILIND KASHINATH,Prabuddha Republican Party,1930
Maharashtra,Beed,SHAIKH CHAND SHIAKH MIYA,Independent,1734
Maharashtra,Beed,RAHUL PRABHAKAR KAMBLE,Ambedkarite Party of India,1733
Maharashtra,Beed,SHAIKH IPTEKHAR ZAKEEBABA,Welfare Party Of India,1628
Maharashtra,Beed,MANIKRAO MADHAVRAO BAVNE,Samajwadi Party,1584
Maharashtra,Beed,SAKSAMUDRE BHAGWAN KACHRUBA,Bahujan Mukti Party,1533
Maharashtra,Beed,JETHLIA SANTOSHBAPU MITTHULAL,Independent,1270
Maharashtra,Beed,HOKE (PATIL)RAJEDRA ACHYUTRAO,Independent,1264
Maharashtra,Beed,TATE ASHOK SANTRAM,Ambedkarist Republican Party,1162
Maharashtra,Beed,SAYYED MUBIN RAHIMTULLA,Independent,1122
Maharashtra,Beed,DR. OWHAL JITENDRA MAHADEV,Independent,1075
Maharashtra,Beed,THORAT DHANRAJ VITTHAL,Maharashtra Parivartan Sena (T),1065
Maharashtra,Beed,PRASHANT VISHNU SASANE,Independent,1036
Maharashtra,Beed,KALE BAJIRAO SHANKAR,Independent,1018
Maharashtra,Beed,SHINGARE GOVIND BHARAT,Shivrajya Party,944
Maharashtra,Beed,SHRIKANT VISHNU GADALE,Independent,931
Maharashtra,Beed,GANGADHAR SITARAM KALKUTE,Independent,848
Maharashtra,Beed,SHAIKH SHAFIQ SHABBIR,Independent,846
Maharashtra,Beed,VEER SHESHERAO CHOKHOBA,Independent,713
Maharashtra,Beed,SOLANKE PARMESHWAR KALYANRAO,Independent,520
Maharashtra,Beed,SAYYED SALIM FATTU,Independent,452
Maharashtra,Beed,SUMITRABAI DASHRATH PAWAR,Independent,314
Maharashtra,Beed,None of the Above,None of the Above,2323
Maharashtra,Hingoli,RAJEEV SHANKARRAO SATAV,Indian National Congress,467397
Maharashtra,Hingoli,WANKHEDE SUBHASH BAPURAO,Shivsena,465765
Maharashtra,Hingoli,JADHAV CHUNNILAL MOHAN,Bahujan Samaj Party,25145
Maharashtra,Hingoli,D.B.NAIK,Communist Party of India (Marxist),14986
Maharashtra,Hingoli,UTTAMRAO PANDURANG RATHOD,Bahujan Mukti Party,9770
Maharashtra,Hingoli,RAMRAO HARISING RATHOD,Bharipa Bahujan Mahasangh,9577
Maharashtra,Hingoli,DHABE UTTAM MAROTI,Independent,7878
Maharashtra,Hingoli,WANKHEDE SUBHASH NAGORAO,Janata Dal (United),6284
Maharashtra,Hingoli,WANKHEDE SUBHASH,Independent,6157
Maharashtra,Hingoli,SATAV ATMARAM RAGHOJI,Independent,5000
Maharashtra,Hingoli,PRINCIPAL DR.VITHAL NAMDEORAO KADAM,Aam Aadmi Party,3729
Maharashtra,Hingoli,SATAV RAJU SHANKAR,Independent,3522
Maharashtra,Hingoli,DEVJI GANGARAM ASOLE,Independent,3165
Maharashtra,Hingoli,SHAIKH NAYEEM SHAIKH LAL,Samajwadi Party,2514
Maharashtra,Hingoli,BHAROSE ANANT RAMRAO,Independent,2506
Maharashtra,Hingoli,GHUNNAR PRAKASH VITTHALRAO,Independent,2497
Maharashtra,Hingoli,DESHMUKH BALASAHEB DESAI,Independent,2154
Maharashtra,Hingoli,UTTAM RATHOD,Independent,2147
Maharashtra,Hingoli,NAIKWADE DIGAMBAR GUNAJI,Independent,2049
Maharashtra,Hingoli,DESAI PANDURANG DEVRAO,Janata Dal (Secular),1675
Maharashtra,Hingoli,SANTOSH NAMDEORAO SAGNE,Awami Vikas Party,1526
Maharashtra,Hingoli,SURAJ VISHWANATH KONDARWAD,Independent,1322
Maharashtra,Hingoli,SURYAWANSHI ASHOK BHAGWANRAO,Independent,1292
Maharashtra,Hingoli,None of the Above,None of the Above,3107
Maharashtra,Nanded,ASHOK SHANKARRAO CHAVAN,Indian National Congress,493075
Maharashtra,Nanded,D. B. PATIL,Bharatiya Janata Party,411620
Maharashtra,Nanded,RAJRATNA AMBEDKAR,Bahujan Mukti Party,28447
Maharashtra,Nanded,DR. HANSRAJ DADARAOJI VAIDYA,Bahujan Samaj Party,22809
Maharashtra,Nanded,FEROZ KHAN GAZI,Independent,8088
Maharashtra,Nanded,PANJABRAO SHRIHARI WADJE PATIL,Independent,5825
Maharashtra,Nanded,BOCHARE SHANKAR MAHADJI,Independent,5694
Maharashtra,Nanded,MOHD. MAROOF AB. RAUF,Independent,4771
Maharashtra,Nanded,RAMCHANDRA GYANOBA SAWANT,Bharipa Bahujan Mahasangh,4206
Maharashtra,Nanded,GRANTHI NARENDRASINGH ANMOLSINGH,Aam Aadmi Party,3397
Maharashtra,Nanded,RAMCHANDRA GANGARAM BHARANDE,Independent,3067
Maharashtra,Nanded,DATTARAM BALAJI SURWANSHI,Independent,2882
Maharashtra,Nanded,PATHAN ZAFAR ALIKHAN MEHMOOD ALIKHAN,Independent,1993
Maharashtra,Nanded,GHUNNAR PRAKASH VITHALRAO,Independent,1753
Maharashtra,Nanded,SHINDE BALAJI VISHWANATHRAO,Samajwadi Party,1724
Maharashtra,Nanded,SONTAKKE LAXMAN KISHAN,Independent,1667
Maharashtra,Nanded,ALTAF AHMED IQBAL AHMED,Indian Union Muslim League,1547
Maharashtra,Nanded,HANMANTE VIJAY CHANDRAO,Independent,1479
Maharashtra,Nanded,ADV. DHONDOPANT NAGORAO HANUMANTE,Independent,1473
Maharashtra,Nanded,SAYYED TANVEER SAYYADHAMAJA,Majlis Bachao Tahreek,1288
Maharashtra,Nanded,ADV. DEELIP PRABHAKARRAO KULKARNI (PHULWALKAR),Independent,1285
Maharashtra,Nanded,SHAIKH AFZALUDDIN AZEEMUDDIN,Lok Bharati,1065
Maharashtra,Nanded,VENUGOPAL SHASTRI TUMULURI S/O RAMKRISHNA,Independent,1040
Maharashtra,Nanded,None of the Above,None of the Above,3155